stage,units,sr,lr,input_scaling,alpha,acc,macro_f1,balanced_acc
stage2_size,200,0.99,0.05,0.2,1e-10,0.5345,0.5048678425886933,0.5447415920281065
stage2_size,200,0.99,0.05,0.2,1e-09,0.5345,0.5048678425886933,0.5447415920281065
stage2_size,200,0.99,0.05,0.2,1e-08,0.5345,0.5048678425886933,0.5447415920281065
stage2_size,200,0.99,0.05,0.2,1e-07,0.5345,0.5048678425886933,0.5447415920281065
stage2_size,200,0.99,0.05,0.2,1e-06,0.5345,0.5048678425886933,0.5447415920281065
stage2_size,200,0.99,0.05,0.2,1e-05,0.5345,0.5048678425886933,0.5447415920281065
stage2_size,200,0.99,0.05,0.2,0.0001,0.5345,0.5048678425886933,0.5447415920281065
stage2_size,200,0.99,0.05,0.2,0.001,0.5345,0.5048678425886933,0.5447415920281065
stage2_size,200,0.99,0.05,0.2,0.01,0.5345,0.5050105319967789,0.5447415920281065
stage2_size,200,0.99,0.05,0.2,0.1,0.5345,0.5044087548902669,0.5436540929194992
stage2_size,200,0.99,0.05,0.2,1.0,0.5355,0.5055808166570989,0.5436235368296629
stage2_size,200,0.99,0.05,0.2,10.0,0.5395,0.5113705768720083,0.5516691292486062
stage2_size,200,0.99,0.05,0.2,100.0,0.5425,0.5151507973981232,0.5651623792297338
stage2_size,500,0.99,0.05,0.2,1e-10,0.5115,0.4657254184570661,0.48141142748502713
stage2_size,500,0.99,0.05,0.2,1e-09,0.5115,0.4657254184570661,0.48141142748502713
stage2_size,500,0.99,0.05,0.2,1e-08,0.5115,0.4657254184570661,0.48141142748502713
stage2_size,500,0.99,0.05,0.2,1e-07,0.5115,0.4657254184570661,0.48141142748502713
stage2_size,500,0.99,0.05,0.2,1e-06,0.5115,0.4657254184570661,0.48141142748502713
stage2_size,500,0.99,0.05,0.2,1e-05,0.5115,0.4657254184570661,0.48141142748502713
stage2_size,500,0.99,0.05,0.2,0.0001,0.5115,0.4657254184570661,0.48141142748502713
stage2_size,500,0.99,0.05,0.2,0.001,0.5115,0.4657254184570661,0.48141142748502713
stage2_size,500,0.99,0.05,0.2,0.01,0.513,0.46823702118706495,0.48425831455066415
stage2_size,500,0.99,0.05,0.2,0.1,0.515,0.4721273946220069,0.48857593574328534
stage2_size,500,0.99,0.05,0.2,1.0,0.535,0.49576172497870763,0.5106955156622907
stage2_size,500,0.99,0.05,0.2,10.0,0.5595,0.525885795989171,0.5483612031157373
stage2_size,500,0.99,0.05,0.2,100.0,0.5465,0.5229464424071859,0.5664074564864434
stage2_size,700,0.99,0.05,0.2,1e-10,0.4865,0.4292147932266639,0.4415608560195377
stage2_size,700,0.99,0.05,0.2,1e-09,0.4865,0.4292147932266639,0.4415608560195377
stage2_size,700,0.99,0.05,0.2,1e-08,0.4865,0.4292147932266639,0.4415608560195377
stage2_size,700,0.99,0.05,0.2,1e-07,0.4865,0.4292147932266639,0.4415608560195377
stage2_size,700,0.99,0.05,0.2,1e-06,0.4865,0.4292147932266639,0.4415608560195377
stage2_size,700,0.99,0.05,0.2,1e-05,0.4865,0.4292147932266639,0.4415608560195377
stage2_size,700,0.99,0.05,0.2,0.0001,0.4865,0.4292147932266639,0.4415608560195377
stage2_size,700,0.99,0.05,0.2,0.001,0.4865,0.4292147932266639,0.4415608560195377
stage2_size,700,0.99,0.05,0.2,0.01,0.486,0.4297346512588203,0.44237073103192326
stage2_size,700,0.99,0.05,0.2,0.1,0.4965,0.44279913795935055,0.4550560014403996
stage2_size,700,0.99,0.05,0.2,1.0,0.5355,0.48780695673419733,0.5066855661635778
stage2_size,700,0.99,0.05,0.2,10.0,0.5795,0.5428932661035274,0.5708115781445382
stage2_size,700,0.99,0.05,0.2,100.0,0.591,0.5561186046273087,0.5976614448459033
stage2_size,1000,0.99,0.05,0.2,1e-10,0.384,0.3229484304505863,0.3270379004079502
stage2_size,1000,0.99,0.05,0.2,1e-09,0.384,0.3229484304505863,0.3270379004079502
stage2_size,1000,0.99,0.05,0.2,1e-08,0.384,0.3229484304505863,0.3270379004079502
stage2_size,1000,0.99,0.05,0.2,1e-07,0.384,0.32285993363097953,0.3270379004079502
stage2_size,1000,0.99,0.05,0.2,1e-06,0.384,0.32285993363097953,0.3270379004079502
stage2_size,1000,0.99,0.05,0.2,1e-05,0.384,0.3229484304505863,0.3270379004079502
stage2_size,1000,0.99,0.05,0.2,0.0001,0.3845,0.3236064763876304,0.32799028136033115
stage2_size,1000,0.99,0.05,0.2,0.001,0.385,0.3245907543585785,0.32870456707461687
stage2_size,1000,0.99,0.05,0.2,0.01,0.388,0.3285781598661624,0.3347828220625465
stage2_size,1000,0.99,0.05,0.2,0.1,0.413,0.35324799615159075,0.3605474919851173
stage2_size,1000,0.99,0.05,0.2,1.0,0.496,0.46066824465807976,0.4700668763816592
stage2_size,1000,0.99,0.05,0.2,10.0,0.559,0.5296955810549553,0.5399376397817057
stage2_size,1000,0.99,0.05,0.2,100.0,0.585,0.5613717341738823,0.5862166921751676
stage2_size,200,0.99,0.05,0.3,1e-10,0.5235,0.49278193317023333,0.5349105958763063
stage2_size,200,0.99,0.05,0.3,1e-09,0.5235,0.49278193317023333,0.5349105958763063
stage2_size,200,0.99,0.05,0.3,1e-08,0.5235,0.49278193317023333,0.5349105958763063
stage2_size,200,0.99,0.05,0.3,1e-07,0.5235,0.49278193317023333,0.5349105958763063
stage2_size,200,0.99,0.05,0.3,1e-06,0.5235,0.49278193317023333,0.5349105958763063
stage2_size,200,0.99,0.05,0.3,1e-05,0.5235,0.49278193317023333,0.5349105958763063
stage2_size,200,0.99,0.05,0.3,0.0001,0.5235,0.49278193317023333,0.5349105958763063
stage2_size,200,0.99,0.05,0.3,0.001,0.5235,0.49278193317023333,0.5349105958763063
stage2_size,200,0.99,0.05,0.3,0.01,0.524,0.49380091476274546,0.5364730958763063
stage2_size,200,0.99,0.05,0.3,0.1,0.5245,0.4947553600638429,0.5380355958763063
stage2_size,200,0.99,0.05,0.3,1.0,0.525,0.4963958864511973,0.5414490774970249
stage2_size,200,0.99,0.05,0.3,10.0,0.527,0.500814753064917,0.5458589967424705
stage2_size,200,0.99,0.05,0.3,100.0,0.5275,0.5035855560697979,0.5520462538054198
stage2_size,500,0.99,0.05,0.3,1e-10,0.514,0.47071762793980215,0.4842310807564553
stage2_size,500,0.99,0.05,0.3,1e-09,0.514,0.47071762793980215,0.4842310807564553
stage2_size,500,0.99,0.05,0.3,1e-08,0.514,0.47071762793980215,0.4842310807564553
stage2_size,500,0.99,0.05,0.3,1e-07,0.514,0.47071762793980215,0.4842310807564553
stage2_size,500,0.99,0.05,0.3,1e-06,0.514,0.47071762793980215,0.4842310807564553
stage2_size,500,0.99,0.05,0.3,1e-05,0.514,0.47071762793980215,0.4842310807564553
stage2_size,500,0.99,0.05,0.3,0.0001,0.514,0.47071762793980215,0.4842310807564553
stage2_size,500,0.99,0.05,0.3,0.001,0.514,0.47071762793980215,0.4842310807564553
stage2_size,500,0.99,0.05,0.3,0.01,0.514,0.4707152804193262,0.4842310807564553
stage2_size,500,0.99,0.05,0.3,0.1,0.5175,0.4722707788255766,0.4852505842065368
stage2_size,500,0.99,0.05,0.3,1.0,0.527,0.48122490901833614,0.4960143239850094
stage2_size,500,0.99,0.05,0.3,10.0,0.5425,0.5072352239089921,0.5284397735761035
stage2_size,500,0.99,0.05,0.3,100.0,0.5445,0.5258640109367476,0.5690326314423456
stage2_size,700,0.99,0.05,0.3,1e-10,0.475,0.4210447477322544,0.43687827662223155
stage2_size,700,0.99,0.05,0.3,1e-09,0.475,0.4210447477322544,0.43687827662223155
stage2_size,700,0.99,0.05,0.3,1e-08,0.475,0.4210447477322544,0.43687827662223155
stage2_size,700,0.99,0.05,0.3,1e-07,0.475,0.4210447477322544,0.43687827662223155
stage2_size,700,0.99,0.05,0.3,1e-06,0.475,0.4210447477322544,0.43687827662223155
stage2_size,700,0.99,0.05,0.3,1e-05,0.475,0.4210447477322544,0.43687827662223155
stage2_size,700,0.99,0.05,0.3,0.0001,0.475,0.4210447477322544,0.43687827662223155
stage2_size,700,0.99,0.05,0.3,0.001,0.475,0.4210447477322544,0.43687827662223155
stage2_size,700,0.99,0.05,0.3,0.01,0.475,0.42114037010877226,0.43687827662223155
stage2_size,700,0.99,0.05,0.3,0.1,0.4805,0.42571440682793915,0.4414738244982049
stage2_size,700,0.99,0.05,0.3,1.0,0.5085,0.45564219939748957,0.4751212125530273
stage2_size,700,0.99,0.05,0.3,10.0,0.5765,0.5420080279263166,0.5737164331723221
stage2_size,700,0.99,0.05,0.3,100.0,0.584,0.5564628031796091,0.597888932153017
stage2_size,1000,0.99,0.05,0.3,1e-10,0.3785,0.3166267987694564,0.3214571678106172
stage2_size,1000,0.99,0.05,0.3,1e-09,0.3785,0.3166267987694564,0.3214571678106172
stage2_size,1000,0.99,0.05,0.3,1e-08,0.3785,0.3166267987694564,0.3214571678106172
stage2_size,1000,0.99,0.05,0.3,1e-07,0.3785,0.3166267987694564,0.3214571678106172
stage2_size,1000,0.99,0.05,0.3,1e-06,0.3785,0.3166267987694564,0.3214571678106172
stage2_size,1000,0.99,0.05,0.3,1e-05,0.3785,0.3166267987694564,0.3214571678106172
stage2_size,1000,0.99,0.05,0.3,0.0001,0.3785,0.3166267987694564,0.3214571678106172
stage2_size,1000,0.99,0.05,0.3,0.001,0.378,0.31627493255978345,0.3211522897618367
stage2_size,1000,0.99,0.05,0.3,0.01,0.383,0.3215944299063279,0.32623117061854295
stage2_size,1000,0.99,0.05,0.3,0.1,0.4115,0.34877337766778604,0.35761023437180006
stage2_size,1000,0.99,0.05,0.3,1.0,0.4715,0.4128793593505226,0.4203689465457023
stage2_size,1000,0.99,0.05,0.3,10.0,0.549,0.507063826611189,0.5155003501427243
stage2_size,1000,0.99,0.05,0.3,100.0,0.586,0.5555195154704596,0.5777563432246741
stage2_size,200,0.8,0.1,0.1,1e-10,0.5175,0.48686678939131767,0.5292398580672028
stage2_size,200,0.8,0.1,0.1,1e-09,0.5175,0.48686678939131767,0.5292398580672028
stage2_size,200,0.8,0.1,0.1,1e-08,0.5175,0.48686678939131767,0.5292398580672028
stage2_size,200,0.8,0.1,0.1,1e-07,0.5175,0.48686678939131767,0.5292398580672028
stage2_size,200,0.8,0.1,0.1,1e-06,0.5175,0.48686678939131767,0.5292398580672028
stage2_size,200,0.8,0.1,0.1,1e-05,0.5175,0.48686678939131767,0.5292398580672028
stage2_size,200,0.8,0.1,0.1,0.0001,0.5175,0.48686678939131767,0.5292398580672028
stage2_size,200,0.8,0.1,0.1,0.001,0.5175,0.48686678939131767,0.5292398580672028
stage2_size,200,0.8,0.1,0.1,0.01,0.5175,0.48691177145258796,0.5292398580672028
stage2_size,200,0.8,0.1,0.1,0.1,0.517,0.4863430173404176,0.5285191058661873
stage2_size,200,0.8,0.1,0.1,1.0,0.519,0.48807619344010356,0.5315774342797092
stage2_size,200,0.8,0.1,0.1,10.0,0.52,0.48625101900484535,0.5277911272801481
stage2_size,200,0.8,0.1,0.1,100.0,0.523,0.4886080458944134,0.5403855111560076
stage2_size,500,0.8,0.1,0.1,1e-10,0.54,0.49218382691024026,0.5156449791465787
stage2_size,500,0.8,0.1,0.1,1e-09,0.54,0.49218382691024026,0.5156449791465787
stage2_size,500,0.8,0.1,0.1,1e-08,0.54,0.49218382691024026,0.5156449791465787
stage2_size,500,0.8,0.1,0.1,1e-07,0.54,0.49218382691024026,0.5156449791465787
stage2_size,500,0.8,0.1,0.1,1e-06,0.54,0.49218382691024026,0.5156449791465787
stage2_size,500,0.8,0.1,0.1,1e-05,0.54,0.49218382691024026,0.5156449791465787
stage2_size,500,0.8,0.1,0.1,0.0001,0.54,0.49218382691024026,0.5156449791465787
stage2_size,500,0.8,0.1,0.1,0.001,0.54,0.49218382691024026,0.5156449791465787
stage2_size,500,0.8,0.1,0.1,0.01,0.541,0.4928331846874074,0.5162137094381033
stage2_size,500,0.8,0.1,0.1,0.1,0.5425,0.49947644109757033,0.522897324709845
stage2_size,500,0.8,0.1,0.1,1.0,0.547,0.5114734274975574,0.5343658178926163
stage2_size,500,0.8,0.1,0.1,10.0,0.5575,0.5222987541278848,0.5466443337628467
stage2_size,500,0.8,0.1,0.1,100.0,0.5465,0.5101764959905796,0.5448955708490318
stage2_size,700,0.8,0.1,0.1,1e-10,0.479,0.42507443121257615,0.4295101462855079
stage2_size,700,0.8,0.1,0.1,1e-09,0.479,0.42507443121257615,0.4295101462855079
stage2_size,700,0.8,0.1,0.1,1e-08,0.479,0.42507443121257615,0.4295101462855079
stage2_size,700,0.8,0.1,0.1,1e-07,0.479,0.42507443121257615,0.4295101462855079
stage2_size,700,0.8,0.1,0.1,1e-06,0.479,0.42507443121257615,0.4295101462855079
stage2_size,700,0.8,0.1,0.1,1e-05,0.479,0.42507443121257615,0.4295101462855079
stage2_size,700,0.8,0.1,0.1,0.0001,0.479,0.42507443121257615,0.4295101462855079
stage2_size,700,0.8,0.1,0.1,0.001,0.4805,0.42740766830367666,0.43140650303103023
stage2_size,700,0.8,0.1,0.1,0.01,0.4835,0.4306444133468421,0.43517023782533304
stage2_size,700,0.8,0.1,0.1,0.1,0.495,0.44340572836150755,0.4501616077607122
stage2_size,700,0.8,0.1,0.1,1.0,0.5355,0.48545447626148375,0.5024061434421461
stage2_size,700,0.8,0.1,0.1,10.0,0.5725,0.5290072877441395,0.5568366563520427
stage2_size,700,0.8,0.1,0.1,100.0,0.5945,0.5600656069488427,0.5994508465156121
stage2_size,1000,0.8,0.1,0.1,1e-10,0.366,0.3168997451658631,0.3189210363599745
stage2_size,1000,0.8,0.1,0.1,1e-09,0.366,0.3168997451658631,0.3189210363599745
stage2_size,1000,0.8,0.1,0.1,1e-08,0.366,0.3168997451658631,0.3189210363599745
stage2_size,1000,0.8,0.1,0.1,1e-07,0.366,0.3168997451658631,0.3189210363599745
stage2_size,1000,0.8,0.1,0.1,1e-06,0.366,0.3168997451658631,0.3189210363599745
stage2_size,1000,0.8,0.1,0.1,1e-05,0.366,0.3168997451658631,0.3189210363599745
stage2_size,1000,0.8,0.1,0.1,0.0001,0.3665,0.31733858057869974,0.3193178617567999
stage2_size,1000,0.8,0.1,0.1,0.001,0.3675,0.31878423299999376,0.32151343175945424
stage2_size,1000,0.8,0.1,0.1,0.01,0.392,0.3424066128619172,0.3445399490162365
stage2_size,1000,0.8,0.1,0.1,0.1,0.461,0.41067923676389817,0.41359698433369496
stage2_size,1000,0.8,0.1,0.1,1.0,0.5275,0.48617775567229565,0.4930236179956154
stage2_size,1000,0.8,0.1,0.1,10.0,0.567,0.522854282144829,0.5349510848772543
stage2_size,1000,0.8,0.1,0.1,100.0,0.59,0.546486329033177,0.572328559782773
stage2_size,200,0.99,0.05,0.5,1e-10,0.509,0.4840860523919446,0.5326547074150203
stage2_size,200,0.99,0.05,0.5,1e-09,0.509,0.4840860523919446,0.5326547074150203
stage2_size,200,0.99,0.05,0.5,1e-08,0.509,0.4840860523919446,0.5326547074150203
stage2_size,200,0.99,0.05,0.5,1e-07,0.509,0.4840860523919446,0.5326547074150203
stage2_size,200,0.99,0.05,0.5,1e-06,0.509,0.4840860523919446,0.5326547074150203
stage2_size,200,0.99,0.05,0.5,1e-05,0.509,0.4840860523919446,0.5326547074150203
stage2_size,200,0.99,0.05,0.5,0.0001,0.509,0.4840860523919446,0.5326547074150203
stage2_size,200,0.99,0.05,0.5,0.001,0.509,0.4840860523919446,0.5326547074150203
stage2_size,200,0.99,0.05,0.5,0.01,0.509,0.4840860523919446,0.5326547074150203
stage2_size,200,0.99,0.05,0.5,0.1,0.508,0.48345361488695293,0.5320859771234957
stage2_size,200,0.99,0.05,0.5,1.0,0.508,0.48450362975009514,0.5320859771234957
stage2_size,200,0.99,0.05,0.5,10.0,0.517,0.4973846209620911,0.546534249604874
stage2_size,200,0.99,0.05,0.5,100.0,0.513,0.49418294873107016,0.550844440980993
stage2_size,500,0.99,0.05,0.5,1e-10,0.509,0.455067551339734,0.46994304190811975
stage2_size,500,0.99,0.05,0.5,1e-09,0.509,0.455067551339734,0.46994304190811975
stage2_size,500,0.99,0.05,0.5,1e-08,0.509,0.455067551339734,0.46994304190811975
stage2_size,500,0.99,0.05,0.5,1e-07,0.509,0.455067551339734,0.46994304190811975
stage2_size,500,0.99,0.05,0.5,1e-06,0.509,0.455067551339734,0.46994304190811975
stage2_size,500,0.99,0.05,0.5,1e-05,0.509,0.455067551339734,0.46994304190811975
stage2_size,500,0.99,0.05,0.5,0.0001,0.509,0.455067551339734,0.46994304190811975
stage2_size,500,0.99,0.05,0.5,0.001,0.509,0.455067551339734,0.46994304190811975
stage2_size,500,0.99,0.05,0.5,0.01,0.509,0.455067551339734,0.46994304190811975
stage2_size,500,0.99,0.05,0.5,0.1,0.5095,0.4556645162722985,0.47079030077648687
stage2_size,500,0.99,0.05,0.5,1.0,0.5115,0.45669158047158626,0.4730110075637379
stage2_size,500,0.99,0.05,0.5,10.0,0.53,0.4837099079862618,0.5026876475289721
stage2_size,500,0.99,0.05,0.5,100.0,0.548,0.5208415441897934,0.5578801987745708
stage2_size,700,0.99,0.05,0.5,1e-10,0.4665,0.40337769319620886,0.41695385067422075
stage2_size,700,0.99,0.05,0.5,1e-09,0.4665,0.40337769319620886,0.41695385067422075
stage2_size,700,0.99,0.05,0.5,1e-08,0.4665,0.40337769319620886,0.41695385067422075
stage2_size,700,0.99,0.05,0.5,1e-07,0.4665,0.40337769319620886,0.41695385067422075
stage2_size,700,0.99,0.05,0.5,1e-06,0.4665,0.40337769319620886,0.41695385067422075
stage2_size,700,0.99,0.05,0.5,1e-05,0.4665,0.40337769319620886,0.41695385067422075
stage2_size,700,0.99,0.05,0.5,0.0001,0.4665,0.40337769319620886,0.41695385067422075
stage2_size,700,0.99,0.05,0.5,0.001,0.4665,0.40337769319620886,0.41695385067422075
stage2_size,700,0.99,0.05,0.5,0.01,0.468,0.4045841121668502,0.41791940636257074
stage2_size,700,0.99,0.05,0.5,0.1,0.469,0.4048090581261352,0.41787867203188866
stage2_size,700,0.99,0.05,0.5,1.0,0.482,0.4215854788853387,0.43558936580220464
stage2_size,700,0.99,0.05,0.5,10.0,0.549,0.5062935337445559,0.5309623989761862
stage2_size,700,0.99,0.05,0.5,100.0,0.5765,0.5437108686985572,0.5777376680803034
stage2_size,1000,0.99,0.05,0.5,1e-10,0.3625,0.29646067478250476,0.2983777883069653
stage2_size,1000,0.99,0.05,0.5,1e-09,0.3625,0.29646067478250476,0.2983777883069653
stage2_size,1000,0.99,0.05,0.5,1e-08,0.3625,0.29646067478250476,0.2983777883069653
stage2_size,1000,0.99,0.05,0.5,1e-07,0.3625,0.29646067478250476,0.2983777883069653
stage2_size,1000,0.99,0.05,0.5,1e-06,0.3625,0.29646067478250476,0.2983777883069653
stage2_size,1000,0.99,0.05,0.5,1e-05,0.3625,0.29646067478250476,0.2983777883069653
stage2_size,1000,0.99,0.05,0.5,0.0001,0.3625,0.29646067478250476,0.2983777883069653
stage2_size,1000,0.99,0.05,0.5,0.001,0.363,0.29695651481559154,0.2986826663557458
stage2_size,1000,0.99,0.05,0.5,0.01,0.363,0.2944390699697077,0.2964398428432583
stage2_size,1000,0.99,0.05,0.5,0.1,0.385,0.31919700489847197,0.3202852269439333
stage2_size,1000,0.99,0.05,0.5,1.0,0.444,0.386802712472326,0.3900511008176901
stage2_size,1000,0.99,0.05,0.5,10.0,0.524,0.48442565134995946,0.4940678552666153
stage2_size,1000,0.99,0.05,0.5,100.0,0.564,0.5262395562387692,0.5496419194234872
stage2_size,200,0.8,0.1,0.3,1e-10,0.5075,0.4723464040123403,0.5146480747582025
stage2_size,200,0.8,0.1,0.3,1e-09,0.5075,0.4723464040123403,0.5146480747582025
stage2_size,200,0.8,0.1,0.3,1e-08,0.5075,0.4723464040123403,0.5146480747582025
stage2_size,200,0.8,0.1,0.3,1e-07,0.5075,0.4723464040123403,0.5146480747582025
stage2_size,200,0.8,0.1,0.3,1e-06,0.5075,0.4723464040123403,0.5146480747582025
stage2_size,200,0.8,0.1,0.3,1e-05,0.5075,0.4723464040123403,0.5146480747582025
stage2_size,200,0.8,0.1,0.3,0.0001,0.5075,0.4723464040123403,0.5146480747582025
stage2_size,200,0.8,0.1,0.3,0.001,0.5075,0.4723464040123403,0.5146480747582025
stage2_size,200,0.8,0.1,0.3,0.01,0.508,0.4727805064087442,0.5150449001550279
stage2_size,200,0.8,0.1,0.3,0.1,0.508,0.4727805064087442,0.5150449001550279
stage2_size,200,0.8,0.1,0.3,1.0,0.5105,0.47579117337241905,0.5185837051000828
stage2_size,200,0.8,0.1,0.3,10.0,0.521,0.4897176239021047,0.5349344749635396
stage2_size,200,0.8,0.1,0.3,100.0,0.5225,0.4918655313737714,0.5436476138240882
stage2_size,500,0.8,0.1,0.3,1e-10,0.523,0.49200745257987644,0.505953766787141
stage2_size,500,0.8,0.1,0.3,1e-09,0.523,0.49200745257987644,0.505953766787141
stage2_size,500,0.8,0.1,0.3,1e-08,0.523,0.49200745257987644,0.505953766787141
stage2_size,500,0.8,0.1,0.3,1e-07,0.523,0.49200745257987644,0.505953766787141
stage2_size,500,0.8,0.1,0.3,1e-06,0.523,0.49200745257987644,0.505953766787141
stage2_size,500,0.8,0.1,0.3,1e-05,0.523,0.49200745257987644,0.505953766787141
stage2_size,500,0.8,0.1,0.3,0.0001,0.523,0.49200745257987644,0.505953766787141
stage2_size,500,0.8,0.1,0.3,0.001,0.523,0.49200745257987644,0.505953766787141
stage2_size,500,0.8,0.1,0.3,0.01,0.5235,0.4923341632503142,0.5062176190298852
stage2_size,500,0.8,0.1,0.3,0.1,0.5245,0.4939506592818928,0.5072367827929514
stage2_size,500,0.8,0.1,0.3,1.0,0.5285,0.49733701079646797,0.5103232449419134
stage2_size,500,0.8,0.1,0.3,10.0,0.5395,0.5097844883513237,0.525160438853189
stage2_size,500,0.8,0.1,0.3,100.0,0.546,0.5194107031789902,0.5458741857086757
stage2_size,700,0.8,0.1,0.3,1e-10,0.481,0.4202562232652123,0.43402920168612436
stage2_size,700,0.8,0.1,0.3,1e-09,0.481,0.4202562232652123,0.43402920168612436
stage2_size,700,0.8,0.1,0.3,1e-08,0.481,0.4202562232652123,0.43402920168612436
stage2_size,700,0.8,0.1,0.3,1e-07,0.481,0.4202562232652123,0.43402920168612436
stage2_size,700,0.8,0.1,0.3,1e-06,0.481,0.4202562232652123,0.43402920168612436
stage2_size,700,0.8,0.1,0.3,1e-05,0.481,0.4202562232652123,0.43402920168612436
stage2_size,700,0.8,0.1,0.3,0.0001,0.481,0.4202562232652123,0.43402920168612436
stage2_size,700,0.8,0.1,0.3,0.001,0.481,0.4202562232652123,0.43402920168612436
stage2_size,700,0.8,0.1,0.3,0.01,0.4815,0.42092115135552666,0.43481045168612437
stage2_size,700,0.8,0.1,0.3,0.1,0.488,0.4242512576364792,0.43996672633952116
stage2_size,700,0.8,0.1,0.3,1.0,0.5255,0.47337496680351315,0.48952632626173587
stage2_size,700,0.8,0.1,0.3,10.0,0.5675,0.5228100930744166,0.5420660298835042
stage2_size,700,0.8,0.1,0.3,100.0,0.586,0.553491772781526,0.585644770732286
stage2_size,1000,0.8,0.1,0.3,1e-10,0.3645,0.30865328176448836,0.30812482066210956
stage2_size,1000,0.8,0.1,0.3,1e-09,0.3645,0.30865328176448836,0.30812482066210956
stage2_size,1000,0.8,0.1,0.3,1e-08,0.3645,0.30865328176448836,0.30812482066210956
stage2_size,1000,0.8,0.1,0.3,1e-07,0.3645,0.30865328176448836,0.30812482066210956
stage2_size,1000,0.8,0.1,0.3,1e-06,0.3645,0.30865328176448836,0.30812482066210956
stage2_size,1000,0.8,0.1,0.3,1e-05,0.3645,0.30865328176448836,0.30812482066210956
stage2_size,1000,0.8,0.1,0.3,0.0001,0.3645,0.30851744479396626,0.30812482066210956
stage2_size,1000,0.8,0.1,0.3,0.001,0.364,0.30782715277769024,0.3078199426133291
stage2_size,1000,0.8,0.1,0.3,0.01,0.3665,0.3120901448861246,0.3111007786822021
stage2_size,1000,0.8,0.1,0.3,0.1,0.396,0.33990416361137343,0.33813177268277245
stage2_size,1000,0.8,0.1,0.3,1.0,0.4445,0.3934021350430175,0.39080329311678236
stage2_size,1000,0.8,0.1,0.3,10.0,0.519,0.47145605806060364,0.4792579382887142
stage2_size,1000,0.8,0.1,0.3,100.0,0.5645,0.5257250795886665,0.54626415392725
